<?xml version="1.0" encoding="UTF-8" standalone="no"?>
<project xmlns:xsi="http://www.w3.org/2001/XMLSchema-instance" xmlns="http://maven.apache.org/POM/4.0.0"
         xsi:schemaLocation="http://maven.apache.org/POM/4.0.0 http://maven.apache.org/xsd/maven-4.0.0.xsd">
    <modelVersion>4.0.0</modelVersion>
    <packaging>jar</packaging>

    <parent>
        <groupId>com.jpmorgan.moneta.boot</groupId>
        <artifactId>moneta-boot-starter-parent</artifactId>
        <version>2.7.8</version>
    </parent>

    <groupId>com.jpmorgan.awm.dpi</groupId>
    <artifactId>wm-dpi-benchmark-service</artifactId>
    <version>1.0.0-SNAPSHOT</version>

    <properties>
        <mybatis.version>3.5.7</mybatis.version>
        <sonar.coverage.exclusions>
            **/model/**/*.java,**/config/**/*.java,**/common/aws/*.java,**/security/**/*.java,**/config/ignite/**/*.java
        </sonar.coverage.exclusions>
        <mojo.cobertura.plugin.version>2.7</mojo.cobertura.plugin.version>
        <maven.surefire.plugin.version>3.0.0</maven.surefire.plugin.version>
        <maven.failsafe.plugin.version>3.0.0</maven.failsafe.plugin.version>
        <maven.enforcer.plugin.version>3.0.0</maven.enforcer.plugin.version>
        <maven.compiler.plugin.version>3.8.0</maven.compiler.plugin.version>
        <spring.boot.maven.plugin.version>2.6.6</spring.boot.maven.plugin.version>
        <jacoco.maven.plugin.version>0.8.9</jacoco.maven.plugin.version>
        <weave-client-starter.version>4.0.11</weave-client-starter.version>
        <wiremock.version>2.26.1</wiremock.version>
        <java.version>11</java.version>
        <ignite.version>8.8.13</ignite.version>
        <commons.text.version>1.10.0</commons.text.version>
    </properties>

    <dependencyManagement>
        <dependencies>
            <dependency>
                <groupId>org.springframework.cloud</groupId>
                <artifactId>spring-cloud-dependencies</artifactId>
                <version>2021.0.5</version>
                <type>pom</type>
                <scope>import</scope>
            </dependency>

            <dependency>
                <groupId>com.amazonaws</groupId>
                <artifactId>aws-java-sdk-bom</artifactId>
                <version>1.11.717</version>
                <type>pom</type>
                <scope>import</scope>
            </dependency>
            <dependency>
                <groupId>com.h2database</groupId>
                <artifactId>h2</artifactId>
                <version>2.1.210</version>
            </dependency>
            <dependency>
                <!--Soteria: added dependency :Soteria-->
                <!--Original version: 1.1-->
                <groupId>com.mikesamuel</groupId>
                <artifactId>json-sanitizer</artifactId>
                <version>1.2.2</version>
            </dependency>
        </dependencies>
    </dependencyManagement>

    <dependencies>

        <dependency>
            <groupId>com.jpmorgan.moneta.boot</groupId>
            <artifactId>moneta-boot-starter</artifactId>
        </dependency>

        <dependency>
            <groupId>com.jpmorgan.moneta.boot</groupId>
            <artifactId>moneta-boot-starter-gaia</artifactId>
        </dependency>

        <dependency>
            <groupId>org.springframework.boot</groupId>
            <artifactId>spring-boot-starter-jdbc</artifactId>
        </dependency>

        <dependency>
            <groupId>org.springframework.cloud</groupId>
            <artifactId>spring-cloud-starter-sleuth</artifactId>
            <exclusions>
                <exclusion>
                    <groupId>org.bouncycastle</groupId>
                    <artifactId>bcprov-jdk15on</artifactId>
                </exclusion>
                <exclusion>
                    <groupId>org.bouncycastle</groupId>
                    <artifactId>bcpkix-jdk15on</artifactId>
                </exclusion>
                <exclusion>
                    <groupId>org.bouncycastle</groupId>
                    <artifactId>bcutil-jdk15on</artifactId>
                </exclusion>
            </exclusions>
        </dependency>

        <dependency>
            <groupId>org.springframework.cloud</groupId>
            <artifactId>spring-cloud-sleuth-zipkin</artifactId>
        </dependency>

        <dependency>
            <groupId>org.springframework.boot</groupId>
            <artifactId>spring-boot-starter-validation</artifactId>
        </dependency>

        <dependency>
            <groupId>com.jpmorgan.moneta.boot</groupId>
            <artifactId>moneta-boot-starter-adfs</artifactId>
        </dependency>

        <dependency>
            <groupId>com.jpmorgan.moneta.boot</groupId>
            <artifactId>moneta-boot-starter-adfs-client</artifactId>
        </dependency>

        <dependency>
            <groupId>org.springframework.boot</groupId>
            <artifactId>spring-boot-starter-security</artifactId>
        </dependency>

        <dependency>
            <groupId>org.springframework.boot</groupId>
            <artifactId>spring-boot-starter-logging</artifactId>
        </dependency>

        <dependency>
            <groupId>org.springframework.boot</groupId>
            <artifactId>spring-boot-starter-actuator</artifactId>
        </dependency>

        <dependency>
            <groupId>org.mybatis.spring.boot</groupId>
            <artifactId>mybatis-spring-boot-starter</artifactId>
            <version>2.2.0</version>
        </dependency>

        <dependency>
            <groupId>org.springframework.boot</groupId>
            <artifactId>spring-boot-starter-cache</artifactId>
        </dependency>

        <dependency>
            <groupId>com.amazonaws.secretsmanager</groupId>
            <artifactId>aws-secretsmanager-jdbc</artifactId>
            <version>1.0.5</version>
        </dependency>

        <dependency>
            <groupId>com.amazonaws</groupId>
            <artifactId>aws-java-sdk-secretsmanager</artifactId>
        </dependency>

        <dependency>
            <groupId>com.amazonaws</groupId>
            <artifactId>aws-java-sdk-sts</artifactId>
        </dependency>

        <dependency>
            <groupId>org.mybatis</groupId>
            <artifactId>mybatis</artifactId>
            <version>${mybatis.version}</version>
        </dependency>

        <dependency>
            <groupId>org.mybatis</groupId>
            <artifactId>mybatis-typehandlers-jsr310</artifactId>
            <version>1.0.2</version>
        </dependency>

        <dependency>
            <groupId>com.jpmorgan.awm.weave</groupId>
            <artifactId>weave-client-starter</artifactId>
            <version>${weave-client-starter.version}</version>
        </dependency>

        <dependency>
            <groupId>org.projectlombok</groupId>
            <artifactId>lombok</artifactId>
            <scope>provided</scope>
        </dependency>


        <dependency>
            <groupId>org.ehcache</groupId>
            <artifactId>ehcache</artifactId>
        </dependency>

        <dependency>
            <groupId>javax.cache</groupId>
            <artifactId>cache-api</artifactId>
        </dependency>

        <dependency>
            <groupId>org.springframework</groupId>
            <artifactId>spring-context-support</artifactId>
        </dependency>

        <dependency>
            <groupId>com.microsoft.sqlserver</groupId>
            <artifactId>mssql-jdbc</artifactId>
        </dependency>

        <dependency>
            <groupId>commons-beanutils</groupId>
            <artifactId>commons-beanutils</artifactId>
        </dependency>

        <dependency>
            <groupId>org.liquibase</groupId>
            <artifactId>liquibase-core</artifactId>
        </dependency>

        <dependency>
            <groupId>com.oracle</groupId>
            <artifactId>ojdbc8</artifactId>
            <version>12.2.0.1</version>
        </dependency>

        <dependency>
            <groupId>de.codecentric</groupId>
            <artifactId>spring-boot-admin-starter-client</artifactId>
            <version>2.2.3</version>
        </dependency>

        <dependency>
            <groupId>com.graphql-java</groupId>
            <artifactId>graphql-spring-boot-starter</artifactId>
            <version>5.0.2</version>
            <exclusions>
                <exclusion>
                    <artifactId>graphql-java</artifactId>
                    <groupId>com.graphql-java</groupId>
                </exclusion>
            </exclusions>
        </dependency>

        <dependency>
            <groupId>com.graphql-java</groupId>
            <artifactId>graphql-java-tools</artifactId>
            <version>5.2.4</version>
            <exclusions>
                <exclusion>
                    <artifactId>graphql-java</artifactId>
                    <groupId>com.graphql-java</groupId>
                </exclusion>
                <exclusion>
                    <artifactId>annotations</artifactId>
                    <groupId>org.jetbrains</groupId>
                </exclusion>
            </exclusions>
        </dependency>

        <dependency>
            <groupId>com.graphql-java</groupId>
            <artifactId>graphiql-spring-boot-starter</artifactId>
            <version>5.0.2</version>
            <exclusions>
                <exclusion>
                    <artifactId>commons-text</artifactId>
                    <groupId>org.apache.commons</groupId>
                </exclusion>
            </exclusions>
        </dependency>
        <dependency>
            <groupId>com.graphql-java</groupId>
            <artifactId>graphql-java</artifactId>
            <version>9.2</version>
        </dependency>
        <dependency>
            <groupId>com.fasterxml.jackson.datatype</groupId>
            <artifactId>jackson-datatype-joda</artifactId>
            <version>2.9.9</version>
        </dependency>


        <dependency>
            <groupId>org.apache.commons</groupId>
            <artifactId>commons-text</artifactId>
            <version>${commons.text.version}</version>
        </dependency>
        <dependency>
            <groupId>org.bouncycastle</groupId>
            <artifactId>bcpkix-jdk18on</artifactId>
        </dependency>
        <dependency>
            <groupId>org.bouncycastle</groupId>
            <artifactId>bcprov-jdk18on</artifactId>
        </dependency>
        <dependency>
            <groupId>org.bouncycastle</groupId>
            <artifactId>bcutil-jdk18on</artifactId>
        </dependency>

        <dependency>
            <groupId>org.apache.commons</groupId>
            <artifactId>commons-collections4</artifactId>
        </dependency>

        <dependency>
            <groupId>org.springdoc</groupId>
            <artifactId>springdoc-openapi-ui</artifactId>
            <version>1.6.6</version>
        </dependency>

        <dependency>
            <groupId>io.swagger</groupId>
            <artifactId>swagger-annotations</artifactId>
            <version>1.6.5</version>
        </dependency>

        <dependency>
            <groupId>net.jpmchase.wmdpi</groupId>
            <artifactId>wm-dpi-commons-lib</artifactId>
            <version>1.0.6</version>
        </dependency>

        <!-- Test -->
        <dependency>
            <groupId>org.springframework.boot</groupId>
            <artifactId>spring-boot-starter-test</artifactId>
            <scope>test</scope>
        </dependency>

        <dependency>
            <groupId>com.h2database</groupId>
            <artifactId>h2</artifactId>
        </dependency>

        <dependency>
            <groupId>org.springframework.cloud</groupId>
            <artifactId>spring-cloud-starter-contract-stub-runner</artifactId>
            <version>2.2.5.RELEASE</version>
            <scope>test</scope>
        </dependency>

        <dependency>
            <groupId>org.meanbean</groupId>
            <artifactId>meanbean</artifactId>
            <version>2.0.3</version>
            <scope>test</scope>
        </dependency>

        <dependency>
            <groupId>org.mockito</groupId>
            <artifactId>mockito-junit-jupiter</artifactId>
            <scope>test</scope>
        </dependency>

        <dependency>
            <groupId>org.skyscreamer</groupId>
            <artifactId>jsonassert</artifactId>
            <scope>test</scope>
        </dependency>

        <dependency>
            <groupId>org.springframework.security</groupId>
            <artifactId>spring-security-test</artifactId>
            <version>5.4.0</version>
            <scope>test</scope>
        </dependency>
        <dependency>
            <groupId>org.springframework.retry</groupId>
            <artifactId>spring-retry</artifactId>
            <version>1.3.3</version>
        </dependency>
        <dependency>
            <groupId>com.jpmorgan.gwm.connect</groupId>
            <artifactId>connect-utility-masking</artifactId>
            <version>1.4.0</version>
        </dependency>
        <!-- Apache Ignite dependencies (for deployment environments) -->
        <dependency>
            <groupId>org.gridgain</groupId>
            <artifactId>ignite-core</artifactId>
            <version>${ignite.version}</version>
        </dependency>
        <dependency>
            <groupId>org.gridgain</groupId>
            <artifactId>ignite-kubernetes</artifactId>
            <version>${ignite.version}</version>
        </dependency>

        <dependency>
            <groupId>org.gridgain</groupId>
            <artifactId>ignite-spring</artifactId>
            <version>${ignite.version}</version>
            <exclusions>
                <exclusion>
                    <artifactId>ignite-indexing</artifactId>
                    <groupId>org.gridgain</groupId>
                </exclusion>
            </exclusions>
        </dependency>

        <dependency>
            <groupId>io.cucumber</groupId>
            <artifactId>cucumber-java</artifactId>
            <version>6.8.0</version>
        </dependency>

        <dependency>
            <groupId>io.cucumber</groupId>
            <artifactId>cucumber-junit</artifactId>
            <version>6.8.0</version>
            <exclusions>
                <exclusion>
                    <groupId>junit</groupId>
                    <artifactId>junit</artifactId>
                </exclusion>
            </exclusions>
        </dependency>

        <dependency>
            <groupId>io.cucumber</groupId>
            <artifactId>cucumber-spring</artifactId>
            <version>6.8.0</version>
            <scope>test</scope>
        </dependency>
        <dependency>
            <groupId>org.springframework</groupId>
            <artifactId>spring-test</artifactId>
        </dependency>
        <dependency>
            <groupId>org.springframework.boot</groupId>
            <artifactId>spring-boot-test</artifactId>
        </dependency>

    </dependencies>

    <profiles>
        <profile>
            <id>default</id>
            <activation>
                <activeByDefault>true</activeByDefault>
            </activation>
        </profile>
        <profile>
            <id>acceptance</id>
            <dependencies>
                <dependency>
                    <groupId>com.h2database</groupId>
                    <artifactId>h2</artifactId>
                </dependency>
            </dependencies>
        </profile>
    </profiles>

    <build>
        <finalName>${project.artifactId}</finalName>


        <plugins>

            <plugin>
                <groupId>org.springframework.boot</groupId>
                <artifactId>spring-boot-maven-plugin</artifactId>
                <version>${spring.boot.maven.plugin.version}</version>
                <configuration>
                    <mainClass>com.jpmorgan.awm.dpi.Application</mainClass>
                </configuration>
                <executions>
                    <execution>
                        <goals>
                            <goal>build-info</goal>
                        </goals>
                    </execution>
                </executions>
            </plugin>

            <plugin>
                <groupId>org.codehaus.mojo</groupId>
                <artifactId>cobertura-maven-plugin</artifactId>
                <version>${mojo.cobertura.plugin.version}</version>
            </plugin>

            <plugin>
                <groupId>org.apache.maven.plugins</groupId>
                <artifactId>maven-surefire-plugin</artifactId>
                <version>${maven.surefire.plugin.version}</version>
                <configuration>
                    <skipTests>false</skipTests>
                    <runOrder>alphabetical</runOrder>
                </configuration>
            </plugin>

            <plugin>
                <groupId>org.jacoco</groupId>
                <artifactId>jacoco-maven-plugin</artifactId>
                <version>${jacoco.maven.plugin.version}</version>
                <executions>
                    <execution>
                        <id>prepare-agent</id>
                        <goals>
                            <goal>prepare-agent</goal>
                        </goals>
                    </execution>
                    <execution>
                        <id>report</id>
                        <goals>
                            <goal>report</goal>
                        </goals>
                    </execution>
                </executions>
            </plugin>

            <plugin>
                <groupId>org.apache.maven.plugins</groupId>
                <artifactId>maven-enforcer-plugin</artifactId>
                <version>${maven.enforcer.plugin.version}</version>
                <executions>
                    <execution>
                        <id>enforce-versions</id>
                        <goals>
                            <goal>enforce</goal>
                        </goals>
                        <configuration>
                            <rules>
                                <requireJavaVersion>
                                    <version>${java.version}</version>
                                </requireJavaVersion>
                            </rules>
                        </configuration>
                    </execution>
                </executions>
            </plugin>

            <plugin>
                <groupId>org.apache.maven.plugins</groupId>
                <artifactId>maven-compiler-plugin</artifactId>
                <version>${maven.compiler.plugin.version}</version>
                <configuration>
                    <source>${java.version}</source>
                    <target>${java.version}</target>
                </configuration>
            </plugin>

            <plugin>
                <groupId>org.apache.maven.plugins</groupId>
                <artifactId>maven-failsafe-plugin</artifactId>
                <version>${maven.failsafe.plugin.version}</version>
                <executions>
                    <execution>
                        <id>run-integration-tests</id>
                        <goals>
                            <goal>integration-test</goal>
                            <goal>verify</goal>
                        </goals>
                    </execution>
                </executions>
                <configuration>
                    <skipTests>false</skipTests>
                    <runOrder>alphabetical</runOrder>
                </configuration>
            </plugin>

            <plugin>
                <groupId>org.codehaus.mojo</groupId>
                <artifactId>build-helper-maven-plugin</artifactId>
                <executions>
                    <execution>
                        <id>add-it-test-source</id>
                        <phase>process-resources</phase>
                        <goals>
                            <goal>add-test-source</goal>
                            <goal>add-test-resource</goal>
                        </goals>
                        <configuration>
                            <sources>
                                <source>src/it/java</source>
                            </sources>
                            <resources>
                                <resource>
                                    <directory>src/it/resources</directory>
                                </resource>
                            </resources>
                        </configuration>
                    </execution>
                </executions>
            </plugin>

            <plugin>
                <groupId>pl.project13.maven</groupId>
                <artifactId>git-commit-id-plugin</artifactId>
                <configuration>
                    <failOnNoGitDirectory>false</failOnNoGitDirectory>
                </configuration>
            </plugin>

            <plugin>
                <groupId>org.apache.maven.plugins</groupId>
                <artifactId>maven-checkstyle-plugin</artifactId>
                <version>3.1.2</version>
                <executions>
                    <execution>
                        <phase>validate</phase>
                        <goals>
                            <goal>check</goal>
                        </goals>
                    </execution>
                </executions>
                <configuration>
                    <violationSeverity>error</violationSeverity>
                    <configLocation>checks/checkstyle-google.xml</configLocation>
                    <encoding>UTF-8</encoding>
                    <consoleOutput>true</consoleOutput>
                    <failsOnError>true</failsOnError>
                    <failOnViolation>true</failOnViolation>
                    <linkXRef>false</linkXRef>
                    <includeTestSourceDirectory>true</includeTestSourceDirectory>
                    <!-- Includes only internal code, skipping generated sources -->
                    <sourceDirectories>
                        <sourceDirectory>${project.build.sourceDirectory}</sourceDirectory>
                        <sourceDirectory>${project.build.testSourceDirectory}</sourceDirectory>
                    </sourceDirectories>
                </configuration>
                <dependencies>
                    <dependency>
                        <groupId>com.puppycrawl.tools</groupId>
                        <artifactId>checkstyle</artifactId>
                        <version>8.45.1</version>
                    </dependency>
                </dependencies>
            </plugin>

            <plugin>
                <groupId>com.diffplug.spotless</groupId>
                <artifactId>spotless-maven-plugin</artifactId>
                <version>2.12.3</version>
                <configuration>
                    <java>
                        <googleJavaFormat>
                            <version>1.9</version>
                            <style>GOOGLE</style>
                        </googleJavaFormat>
                    </java>
                </configuration>
            </plugin>

            <plugin>
                <groupId>io.swagger</groupId>
                <artifactId>swagger-codegen-maven-plugin</artifactId>
                <version>2.4.7</version>
                <executions>
                    <execution>
                        <id>beta-model-swagger-codegen</id>
                        <goals>
                            <goal>generate</goal>
                        </goals>
                        <configuration>
                            <inputSpec>${project.basedir}/src/main/resources/swagger/beta-model-api-spec.json
                            </inputSpec>
                            <language>java</language>
                            <generateApis>false</generateApis>
                            <generateSupportingFiles>false</generateSupportingFiles>
                            <modelPackage>com.jpmorgan.awm.dpi.integration.betamodel.service.model</modelPackage>
                            <!--
                            Although not using RestTemplate generated code,
                            it's needed for generated classes to use Jackson
                            -->
                            <library>resttemplate</library>

                            <configOptions>
                                <interfaceOnly>true</interfaceOnly>
                                <dateLibrary>java8</dateLibrary>
                            </configOptions>
                        </configuration>
                    </execution>

                </executions>
            </plugin>
        </plugins>

    </build>

</project>
